{"cameraMode":{"drawMode":0,"name":"Shaded","section":"Shading Mode"},"sceneLighting":false,"audioPlay":false,"sceneViewState":{"showFog":false,"showMaterialUpdate":false,"showSkybox":false,"showFlares":false,"showImageEffects":false,"showParticleSystems":false},"in2DMode":false,"pivot":{"x":0.07400000095367432,"y":1.0210000276565552,"z":0.5},"rotation":{"x":0.03294840082526207,"y":0.19512300193309785,"z":0.006558781955391169,"w":-0.9802032709121704},"size":3.285788059234619,"orthographic":false}