{"cameraMode":{"drawMode":0,"name":"Shaded","section":"Shading Mode"},"sceneLighting":false,"audioPlay":false,"sceneViewState":{"showFog":false,"showMaterialUpdate":false,"showSkybox":false,"showFlares":false,"showImageEffects":false,"showParticleSystems":false},"in2DMode":false,"pivot":{"x":5.461899757385254,"y":16.69845199584961,"z":0.7716286182403565},"rotation":{"x":-0.17720164358615876,"y":-0.7985826730728149,"z":0.5011224746704102,"w":-0.2823854386806488},"size":2.8578836917877199,"orthographic":false}