{"cameraMode":{"drawMode":0,"name":"Shaded","section":"Shading Mode"},"sceneLighting":false,"audioPlay":false,"sceneViewState":{"showFog":false,"showMaterialUpdate":false,"showSkybox":false,"showFlares":false,"showImageEffects":false,"showParticleSystems":false},"in2DMode":false,"pivot":{"x":0.5175849199295044,"y":0.5665138959884644,"z":-0.1066722571849823},"rotation":{"x":-0.07668475061655045,"y":0.590552806854248,"z":-0.05651228129863739,"w":-0.801357090473175},"size":1.736309289932251,"orthographic":false}